{"cameraMode":{"drawMode":0,"name":"Shaded","section":"Shading Mode"},"sceneLighting":true,"audioPlay":false,"sceneViewState":{"m_AlwaysRefresh":false,"showFog":true,"showSkybox":true,"showFlares":true,"showImageEffects":true,"showParticleSystems":true,"showVisualEffectGraphs":true,"m_FxEnabled":true},"in2DMode":false,"pivot":{"x":-11.19520092010498,"y":11.483358383178711,"z":21.673368453979493},"rotation":{"x":-0.056790370494127277,"y":0.7614114284515381,"z":0.06732743233442307,"w":0.6423519849777222},"size":0.9457213878631592,"orthographic":false}