{"cameraMode":{"drawMode":0,"name":"Shaded","section":"Shading Mode"},"sceneLighting":true,"audioPlay":false,"sceneViewState":{"m_AlwaysRefresh":false,"showFog":true,"showSkybox":true,"showFlares":true,"showImageEffects":true,"showParticleSystems":true,"showVisualEffectGraphs":true,"m_FxEnabled":true},"in2DMode":false,"pivot":{"x":9.004510879516602,"y":5.9121856689453129,"z":25.431318283081056},"rotation":{"x":0.08627962321043015,"y":0.4396684765815735,"z":-0.04246630147099495,"w":0.8930302858352661},"size":0.8660253882408142,"orthographic":false}